POD Number,Public Store Link,AppDynamics APM App
POD-1,`http://nopcommerce-web-1.eastus.cloudapp.azure.com <http://nopcommerce-web-1.eastus.cloudapp.azure.com>`_,nopCommerce-1
POD-2,`http://nopcommerce-web-2.eastus.cloudapp.azure.com <http://nopcommerce-web-2.eastus.cloudapp.azure.com>`_,nopCommerce-2
POD-3,`http://nopcommerce-web-3.eastus.cloudapp.azure.com <http://nopcommerce-web-3.eastus.cloudapp.azure.com>`_,nopCommerce-3
POD-4,`http://nopcommerce-web-4.eastus.cloudapp.azure.com <http://nopcommerce-web-4.eastus.cloudapp.azure.com>`_,nopCommerce-4
POD-5,`http://nopcommerce-web-5.eastus.cloudapp.azure.com <http://nopcommerce-web-5.eastus.cloudapp.azure.com>`_,nopCommerce-5
POD-6,`http://nopcommerce-web-6.eastus.cloudapp.azure.com <http://nopcommerce-web-6.eastus.cloudapp.azure.com>`_,nopCommerce-6
POD-7,`http://nopcommerce-web-7.eastus.cloudapp.azure.com <http://nopcommerce-web-7.eastus.cloudapp.azure.com>`_,nopCommerce-7
POD-8,`http://nopcommerce-web-8.eastus.cloudapp.azure.com <http://nopcommerce-web-8.eastus.cloudapp.azure.com>`_,nopCommerce-8
POD-9,`http://nopcommerce-web-9.eastus.cloudapp.azure.com <http://nopcommerce-web-9.eastus.cloudapp.azure.com>`_,nopCommerce-9
POD-10,`http://nopcommerce-web-10.eastus.cloudapp.azure.com <http://nopcommerce-web-10.eastus.cloudapp.azure.com>`_,nopCommerce-10
POD-11,`http://nopcommerce-web-11.eastus.cloudapp.azure.com <http://nopcommerce-web-11.eastus.cloudapp.azure.com>`_,nopCommerce-11
POD-12,`http://nopcommerce-web-12.eastus.cloudapp.azure.com <http://nopcommerce-web-12.eastus.cloudapp.azure.com>`_,nopCommerce-12
POD-13,`http://nopcommerce-web-13.eastus.cloudapp.azure.com <http://nopcommerce-web-13.eastus.cloudapp.azure.com>`_,nopCommerce-13
POD-14,`http://nopcommerce-web-14.eastus.cloudapp.azure.com <http://nopcommerce-web-14.eastus.cloudapp.azure.com>`_,nopCommerce-14
POD-15,`http://nopcommerce-web-15.eastus.cloudapp.azure.com <http://nopcommerce-web-15.eastus.cloudapp.azure.com>`_,nopCommerce-15
POD-16,`http://nopcommerce-web-16.eastus.cloudapp.azure.com <http://nopcommerce-web-16.eastus.cloudapp.azure.com>`_,nopCommerce-16
POD-17,`http://nopcommerce-web-17.eastus.cloudapp.azure.com <http://nopcommerce-web-17.eastus.cloudapp.azure.com>`_,nopCommerce-17
