POD Number,Public Store Link,AppDynamics APM App,AppDynamics Browser App
POD-1,`http://nopcommerce-web-1.eastus.cloudapp.azure.com <http://nopcommerce-web-1.eastus.cloudapp.azure.com>`_,nopCommerce1,nopCommerce-UI-1
POD-2,`http://nopcommerce-web-2.eastus.cloudapp.azure.com <http://nopcommerce-web-2.eastus.cloudapp.azure.com>`_,nopCommerce2,nopCommerce-UI-2
POD-3,`http://nopcommerce-web-3.eastus.cloudapp.azure.com <http://nopcommerce-web-3.eastus.cloudapp.azure.com>`_,nopCommerce3,nopCommerce-UI-3
POD-4,`http://nopcommerce-web-4.eastus.cloudapp.azure.com <http://nopcommerce-web-4.eastus.cloudapp.azure.com>`_,nopCommerce4,nopCommerce-UI-4
POD-5,`http://nopcommerce-web-5.eastus.cloudapp.azure.com <http://nopcommerce-web-5.eastus.cloudapp.azure.com>`_,nopCommerce5,nopCommerce-UI-5
POD-6,`http://nopcommerce-web-6.eastus.cloudapp.azure.com <http://nopcommerce-web-6.eastus.cloudapp.azure.com>`_,nopCommerce6,nopCommerce-UI-6
POD-7,`http://nopcommerce-web-7.eastus.cloudapp.azure.com <http://nopcommerce-web-7.eastus.cloudapp.azure.com>`_,nopCommerce7,nopCommerce-UI-7
POD-8,`http://nopcommerce-web-8.eastus.cloudapp.azure.com <http://nopcommerce-web-8.eastus.cloudapp.azure.com>`_,nopCommerce8,nopCommerce-UI-8
POD-9,`http://nopcommerce-web-9.eastus.cloudapp.azure.com <http://nopcommerce-web-9.eastus.cloudapp.azure.com>`_,nopCommerce9,nopCommerce-UI-9
POD-10,`http://nopcommerce-web-10.eastus.cloudapp.azure.com <http://nopcommerce-web-10.eastus.cloudapp.azure.com>`_,nopCommerce10,nopCommerce-UI-10
POD-11,`http://nopcommerce-web-11.eastus.cloudapp.azure.com <http://nopcommerce-web-11.eastus.cloudapp.azure.com>`_,nopCommerce11,nopCommerce-UI-11
POD-12,`http://nopcommerce-web-12.eastus.cloudapp.azure.com <http://nopcommerce-web-12.eastus.cloudapp.azure.com>`_,nopCommerce12,nopCommerce-UI-12
POD-13,`http://nopcommerce-web-13.eastus.cloudapp.azure.com <http://nopcommerce-web-13.eastus.cloudapp.azure.com>`_,nopCommerce13,nopCommerce-UI-13
POD-14,`http://nopcommerce-web-14.eastus.cloudapp.azure.com <http://nopcommerce-web-14.eastus.cloudapp.azure.com>`_,nopCommerce14,nopCommerce-UI-14
POD-15,`http://nopcommerce-web-15.eastus.cloudapp.azure.com <http://nopcommerce-web-15.eastus.cloudapp.azure.com>`_,nopCommerce15,nopCommerce-UI-15
POD-16,`http://nopcommerce-web-16.eastus.cloudapp.azure.com <http://nopcommerce-web-16.eastus.cloudapp.azure.com>`_,nopCommerce16,nopCommerce-UI-16
POD-17,`http://nopcommerce-web-17.eastus.cloudapp.azure.com <http://nopcommerce-web-17.eastus.cloudapp.azure.com>`_,nopCommerce17,nopCommerce-UI-17
