POD Number,On-prem VM IP Address,AppD Application Name,Agent Tier Name,Node Name Prefix
POD-1,172.40.140.77,Vulnado-1,Vulnado-Tier-1,Vulnado_1
POD-2,172.40.140.68,Vulnado-2,Vulnado-Tier-2,Vulnado_2
POD-3,172.40.140.67,Vulnado-3,Vulnado-Tier-3,Vulnado_3
POD-4,172.40.140.78,Vulnado-4,Vulnado-Tier-4,Vulnado_4
POD-5,172.40.140.73,Vulnado-5,Vulnado-Tier-5,Vulnado_5
POD-6,172.40.140.76,Vulnado-6,Vulnado-Tier-6,Vulnado_6
POD-7,172.40.140.74,Vulnado-7,Vulnado-Tier-7,Vulnado_7
POD-8,172.40.140.71,Vulnado-8,Vulnado-Tier-8,Vulnado_8
POD-9,172.40.140.79,Vulnado-9,Vulnado-Tier-9,Vulnado_9
POD-10,172.40.140.66,Vulnado-10,Vulnado-Tier-10,Vulnado_10
POD-11,172.40.140.72,Vulnado-11,Vulnado-Tier-11,Vulnado_11
POD-12,172.40.140.69,Vulnado-12,Vulnado-Tier-12,Vulnado_12
POD-13,172.40.140.65,Vulnado-13,Vulnado-Tier-13,Vulnado_13
POD-14,172.40.140.75,Vulnado-14,Vulnado-Tier-14,Vulnado_14
POD-15,172.40.140.70,Vulnado-15,Vulnado-Tier-15,Vulnado_15
